{"_runtime":46.316614779,"eval_loss":2.3049933481216427,"loss":2.304794085253576,"train_loss":2.3104015302658074,"_timestamp":1.7657503074785519e+09,"eval_acc":0.10400000000000005,"accuracy":0.1,"_step":3,"_wandb":{"runtime":46}}