{"eval_loss":2.308510608673096,"loss":2.305059762517358,"train_loss":2.314170789718627,"_wandb":{"runtime":161},"eval_acc":0.09800000000000003,"accuracy":0.1,"_step":3,"_timestamp":1.7657994027571664e+09,"_runtime":161.3672963}