{"_timestamp":1.765750516371687e+09,"eval_acc":0.12200000000000005,"_wandb":{"runtime":115},"train_loss":2.3017940092086793,"_runtime":115.609091024,"accuracy":0.1,"_step":15,"eval_loss":2.30161994934082,"loss":2.3031394922049944}