{"_timestamp":1.7657516487515147e+09,"loss":2.3057195639154715,"_step":3,"eval_acc":0.11800000000000005,"eval_loss":2.3064823102951055,"_wandb":{"runtime":54},"train_loss":2.3014962482452392,"accuracy":0.1,"_runtime":54.309663092}